,Title,Year,certificate,Time,genre,star_rating,Content,votes,Text,boxoffice,Directors,Stars,MetaScore,gross_box_office
0,Tangled,2010,PG,100,"Animation, Adventure, Comedy",7.7,"    The magically long-haired Rapunzel has spent her entire life in a tower, but now that a runaway thief has stumbled upon her, she is about to discover the world for the first time, and who she really is.","402,208",                        1h 40mi,"$592,461,959","Nathan Greno, Byron Howard                 ","Mandy Moore, Zachary Levi, Donna Murphy, Ron Perlman    ",71.0,200.82
1,The Princess and the Frog,2009,U,97,"Animation, Adventure, Comedy",7.1,"    A waitress, desperate to fulfill her dreams as a restaurant owner, is set on a journey to turn a frog prince back into a human being, but she has to face the same problem after she kisses him.","123,027",                        1h 37mi,$0,"Ron Clements, John Musker                 ","Anika Noni Rose, Keith David, Oprah Winfrey, Bruno Campos    ",73.0,104.4
2,Beauty and the Beast,1991,U,84,"Animation, Family, Fantasy",8.0,    A prince cursed to spend his days as a hideous monster sets out to regain his humanity by earning a young woman's love.,"414,835",                        1h 24mi,"$424,967,620","Gary Trousdale, Kirk Wise                 ","Paige O'Hara, Robby Benson, Jesse Corti, Rex Everhart    ",95.0,218.97
3,"Monsters, Inc.",2001,U,92,"Animation, Adventure, Comedy",8.1,"    In order to power the city, monsters have to scare children so that they scream. However, the children are toxic to the monsters, and after a child gets through, 2 monsters realize things may not be what they think.","807,741",                        1h 32mi,"$579,707,070","Pete Docter, David Silverman, Lee Unkrich                 ","Billy Crystal, John Goodman, Mary Gibbs, Steve Buscemi    ",79.0,289.92
4,Aladdin,1992,U,90,"Animation, Adventure, Comedy",8.0,    A kindhearted street urchin and a power-hungry Grand Vizier vie for a magic lamp that has the power to make their deepest wishes come true.,"371,273",                        1h 30mi,"$504,050,219","Ron Clements, John Musker                 ","Scott Weinger, Robin Williams, Linda Larkin, Jonathan Freeman    ",86.0,217.35
5,Pocahontas,I,U,81,"Animation, Adventure, Drama",6.7,    An English soldier and the daughter of an Algonquin chief share a romance when English colonists invade seventeenth century Virginia.,"169,125",                        1h 21mi,"$346,079,773","Mike Gabriel, Eric Goldberg                 ","Mel Gibson, Linda Hunt, Christian Bale, Joe Baker    ",58.0,141.6
6,Hercules,1997,U,93,"Animation, Adventure, Comedy",7.3,    The son of Zeus and Hera is stripped of his immortality as an infant and must become a true hero in order to reclaim it.,"204,210",                        1h 33mi,"Walt Disney Pictures, Walt Disney Animation Studios, Walt Disney Feature Animation Paris      
        See more »","Ron Clements, John Musker                 ","Tate Donovan, Susan Egan, James Woods, Josh Keaton    ",74.0,99.05
7,A Bug's Life,1998,U,95,"Animation, Adventure, Comedy",7.2,"    A misfit ant, looking for ""warriors"" to save his colony from greedy grasshoppers, recruits a group of bugs that turn out to be an inept circus troupe.","264,574",                        1h 35mi,"$363,258,859","John Lasseter, Andrew Stanton                 ","Kevin Spacey, Dave Foley, Julia Louis-Dreyfus, Hayden Panettiere    ",77.0,162.8
8,Toy Story,1995,PG,81,"Animation, Adventure, Comedy",8.3,    A cowboy doll is profoundly threatened and jealous when a new spaceman figure supplants him as top toy in a boy's room.,"878,811",                        1h 21mi,"$373,554,033",John Lasseter                 ,"Tom Hanks, Tim Allen, Don Rickles, Jim Varney    ",95.0,191.8
9,The Lion King,1994,U,88,"Animation, Adventure, Drama",8.5,"    Lion prince Simba and his father are targeted by his bitter uncle, who wants to ascend the throne himself.","932,650",                        1h 28mi,"$1,083,720,507","Roger Allers, Rob Minkoff                 ","Matthew Broderick, Jeremy Irons, James Earl Jones, Whoopi Goldberg    ",88.0,422.78
10,Mulan,1998,PG,88,"Animation, Adventure, Family",7.6,"    To save her father from death in the army, a young maiden secretly goes in his place and becomes one of China's greatest heroines in the process.","253,919",                        1h 28mi,"Walt Disney Animation Studios, Walt Disney Feature Animation Florida, Walt Disney Pictures      
        See more »","Tony Bancroft, Barry Cook                 ","Ming-Na Wen, Eddie Murphy, BD Wong, Miguel Ferrer    ",71.0,120.62
11,Meet the Robinsons,2007,U,95,"Animation, Adventure, Comedy",6.8,"    Lewis is a brilliant inventor who meets mysterious stranger named Wilbur Robinson, whisking Lewis away in a time machine and together they team up to track down Bowler Hat Guy in a showdown that ends with an unexpected twist of fate.","86,725",                        1h 35mi,"$169,333,034",Stephen J. Anderson                 ,"Daniel Hansen, Wesley Singerman, Angela Bassett, Jordan Fry    ",61.0,97.82
12,A Goofy Movie,1995,U,78,"Animation, Adventure, Comedy",6.9,"    When Max makes a preposterous promise to a girl he has a crush on, his chances to fulfilling it seem hopeless when he is dragged onto a cross-country trip with his embarrassing father, Goofy.","45,754",                        1h 18mi,"$35,348,597",Kevin Lima                 ,"Bill Farmer, Jason Marsden, Jim Cummings, Kellie Martin    ",,35.35
13,The News Boys,1992,PG,121,"Drama, Family, History",7.0,    A musical based on the New York City newsboy strike of 1899. When young newspaper sellers are exploited beyond reason by their bosses they set out to enact change and are met by the ruthlessness of big business.,"18,812",                        2h 1mi,"$2,819,485",Kenny Ortega                 ,"Christian Bale, Bill Pullman, Robert Duvall, Ann-Margret    ",46.0,2.82
14,The Little Mermaid,1989,U,83,"Animation, Family, Fantasy",7.6,    A mermaid princess makes a Faustian bargain in an attempt to become human and win a prince's love.,"235,628",                        1h 23mi,"$211,343,479","Ron Clements, John Musker                 ","Jodi Benson, Samuel E. Wright, Rene Auberjonois, Christopher Daniel Barnes    ",88.0,111.54
15,The Jungle Book,1967,U,78,"Animation, Adventure, Family",7.6,    Bagheera the Panther and Baloo the Bear have a difficult time trying to convince a boy to leave the jungle for human civilization.,"164,906",                        1h 18mi,"$205,843,612",Wolfgang Reitherman                 ,"Phil Harris, Sebastian Cabot, Louis Prima, Bruce Reitherman    ",65.0,141.84
16,Up,2009,U,96,"Animation, Adventure, Comedy",8.2,"    78-year-old Carl Fredricksen travels to Paradise Falls in his house equipped with balloons, inadvertently taking a young stowaway.","926,025",                        1h 36mi,"$735,099,102","Pete Docter, Bob Peterson                 ","Edward Asner, Jordan Nagai, John Ratzenberger, Christopher Plummer    ",88.0,293.0
17,Lady and the Tramp,1955,U,76,"Animation, Adventure, Comedy",7.3,    The romantic tale of a sheltered uptown Cocker Spaniel dog and a streetwise downtown Mutt.,"121,797",                        1h 16mi,"$93,933,394","Clyde Geronimi, Wilfred Jackson, Hamilton Luske, Jack Cutting                 ","Barbara Luddy, Larry Roberts, Peggy Lee, Bill Thompson    ",78.0,93.6
18,Bedknobs and Broomsticks,1971,U,117,"Animation, Adventure, Comedy",7.1,"    An apprentice witch, three kids and a cynical magician conman search for the missing component to a magic spell to be used in the defense of Britain in World War II.","33,909",                        1h 57mi,"117 min
          |
        139 min
            (1996)
            (restored)
          |
        99 min
            (re-release)
            (1980)
          |
        130 min
            (initial US release)
            (November 1971)","Robert Stevenson, Ward Kimball                 ","Angela Lansbury, David Tomlinson, Roddy McDowall, Sam Jaffe    ",59.0,18.53
19,Oliver & Company,1988,U,74,"Animation, Adventure, Comedy",6.7,    A lost and alone kitten joins a gang of dogs engaged in petty larceny in New York City.,"43,487",                        1h 14mi,"$74,151,346",George Scribner                 ,"Joey Lawrence, Billy Joel, Cheech Marin, Richard Mulligan    ",58.0,74.15
20,Peter Pan,1953,U,77,"Animation, Adventure, Family",7.3,"    Wendy and her brothers are whisked away to the magical world of Neverland with the hero of their stories, Peter Pan.","125,406",                        1h 17mi,"$87,404,651","Clyde Geronimi, Wilfred Jackson, Hamilton Luske, Jack Kinney                 ","Bobby Driscoll, Kathryn Beaumont, Hans Conried, Bill Thompson    ",76.0,87.4
21,Mary Poppins,1964,U,139,"Comedy, Family, Fantasy",7.8,"    In turn of the century London, a magical nanny employs music and adventure to help two neglected children become closer to their father.","156,500",                        2h 19mi,"Walt Disney Productions      
        See more »",Robert Stevenson                 ,"Julie Andrews, Dick Van Dyke, David Tomlinson, Glynis Johns    ",88.0,102.27
22,The Parent Trap,1961,U,129,"Comedy, Family, Romance",7.1,    Teenage twin sisters swap places and scheme to reunite their divorced parents.,"18,791",                        2h 9mi,,David Swift                 ,"Hayley Mills, Maureen O'Hara, Brian Keith, Charles Ruggles    ",73.0,
23,Dumbo,1941,U,64,"Animation, Drama, Family",7.2,"    Ridiculed because of his enormous ears, a young circus elephant is assisted by a mouse to achieve his full potential.","118,729",                        1h 4mi,,"Samuel Armstrong, Norman Ferguson, Wilfred Jackson, Jack Kinney, Bill Roberts, Ben Sharpsteen, John Elliotte                 ","Sterling Holloway, Edward Brophy, Herman Bing, Mel Blanc    ",96.0,1.6
24,Remember the Titans,2000,PG,113,"Biography, Drama, Sport",7.8,    The true story of a newly appointed African-American coach and his high school team on their first season as a racially integrated unit.,"196,655",                        1h 53mi,"$136,706,683",Boaz Yakin                 ,"Denzel Washington, Will Patton, Wood Harris, Ryan Hurst    ",48.0,115.65
25,The Emperor's New Groove,2000,U,78,"Animation, Adventure, Comedy",7.4,"    Emperor Kuzco is turned into a llama by his ex-administrator Yzma, and must now regain his throne with the help of Pacha, the gentle llama herder.","178,506",                        1h 18mi,"Walt Disney Animation Studios, Walt Disney Pictures      
        See more »",Mark Dindal                 ,"David Spade, John Goodman, Eartha Kitt, Patrick Warburton    ",70.0,89.3
26,Sleeping Beauty,1959,U,75,"Animation, Family, Fantasy",7.2,"    After being snubbed by the royal family, a malevolent fairy places a curse on a princess which only a prince can break, along with the help of three good fairies.","134,347",                        1h 15mi,"Walt Disney Animation Studios, Walt Disney Productions      
        See more »","Clyde Geronimi, Les Clark, Hamilton Luske, Wolfgang Reitherman                 ","Mary Costa, Bill Shirley, Eleanor Audley, Verna Felton    ",85.0,51.6
27,James And The Giant Peach,1996,U,79,"Animation, Adventure, Family",6.7,"    An orphan who lives with his two cruel aunts befriends anthropomorphic bugs who live inside a giant peach, and they embark on a journey to New York City.","59,895",                        1h 19mi,"$28,946,127",Henry Selick                 ,"Paul Terry, Joanna Lumley, Pete Postlethwaite, Simon Callow    ",78.0,28.93
28,Tarzan,1999,U,88,"Animation, Adventure, Family",7.3,    A man raised by gorillas must decide where he really belongs when he discovers he is a human.,"202,097",                        1h 28mi,"$448,191,819","Chris Buck, Kevin Lima                 ","Tony Goldwyn, Minnie Driver, Brian Blessed, Glenn Close    ",79.0,171.09
29,Finding Nemo,2003,U,100,"Animation, Adventure, Comedy",8.1,"    After his son is captured in the Great Barrier Reef and taken to Sydney, a timid clownfish sets out on a journey to bring him home.","941,319",                        1h 40mi,"$940,350,194","Andrew Stanton, Lee Unkrich                 ","Albert Brooks, Ellen DeGeneres, Alexander Gould, Willem Dafoe    ",90.0,380.84
30,Tom and Huck,1995,PG,97,"Adventure, Comedy, Drama",5.5,    Two best friends witness a murder and embark on a series of adventures in order to prove the innocence of the man wrongly accused of the crime.,"9,850",                        1h 37mi,"Walt Disney Pictures, Painted Fence Productions      
        See more »",Peter Hewitt                 ,"Jonathan Taylor Thomas, Brad Renfro, Charles Rocket, Eric Schweig    ",,23.74
31,The Great Mouse Detective,1986,U,74,"Animation, Adventure, Family",7.2,"    Basil, the rodent Sherlock Holmes, investigates the kidnapping of a toy maker and uncovers its link to his archenemy, Professor Ratigan.","44,648",                        1h 14mi,"Walt Disney Pictures, Silver Screen Partners II, Walt Disney Animation Studios      
        See more »","Ron Clements, Burny Mattinson, David Michener, John Musker                 ","Vincent Price, Barrie Ingham, Val Bettin, Susanne Pollatschek    ",73.0,38.6
32,Robin Hood,1973,U,83,"Animation, Adventure, Comedy",7.6,    The story of the legendary outlaw is portrayed with the characters as humanoid animals.,"114,697",                        1h 23mi,83 min,"Wolfgang Reitherman, David Hand                 ","Brian Bedford, Phil Harris, Roger Miller, Peter Ustinov    ",57.0,32.06
33,Alice in Wonderland,1951,U,75,"Animation, Adventure, Family",7.4,    Alice stumbles into the world of Wonderland. Will she get home? Not if the Queen of Hearts has her way.,"127,936",                        1h 15mi,75 min,"Clyde Geronimi, Wilfred Jackson, Hamilton Luske, Jack Kinney                 ","Kathryn Beaumont, Ed Wynn, Richard Haydn, Sterling Holloway    ",68.0,
34,The Parent Trap,1998,U,128,"Adventure, Comedy, Drama",6.5,"    Identical twins Annie and Hallie, separated at birth and each raised by one of their biological parents, later discover each other for the first time at summer camp and make a plan to bring their wayward parents back together.","119,668",                        2h 8mi,"Cinema Vehicle Services, The Meyers/Shyer Company, Walt Disney Pictures      
        See more »",Nancy Meyers                 ,"Lindsay Lohan, Dennis Quaid, Natasha Richardson, Elaine Hendrix    ",64.0,66.31
35,Toy Story 3,2010,U,103,"Animation, Adventure, Comedy",8.3,"    The toys are mistakenly delivered to a day-care center instead of the attic right before Andy leaves for college, and it's up to Woody to convince the other toys that they weren't abandoned and to return home.","750,578",                        1h 43mi,"$1,066,969,895",Lee Unkrich                 ,"Tom Hanks, Tim Allen, Joan Cusack, Ned Beatty    ",92.0,415.0
36,The Fox and the Hound,1981,U,83,"Animation, Adventure, Drama",7.3,"    A little fox named Tod, and Copper, a hound puppy, vow to be best buddies forever. But as Copper grows into a hunting dog, their unlikely friendship faces the ultimate test.","84,141",                        1h 23mi,"$63,456,988","Ted Berman, Richard Rich, Art Stevens, David Hand, Wolfgang Reitherman                 ","Mickey Rooney, Kurt Russell, Pearl Bailey, Jack Albertson    ",65.0,63.46
37,Cinderella,1950,U,74,"Animation, Family, Fantasy",7.3,"    When Cinderella's cruel stepmother prevents her from attending the Royal Ball, she gets some unexpected help from the lovable mice Gus and Jaq, and from her Fairy Godmother.","144,576",                        1h 14mi,"$95,126,722","Clyde Geronimi, Wilfred Jackson, Hamilton Luske                 ","Ilene Woods, James MacDonald, Eleanor Audley, Verna Felton    ",85.0,85.0
38,The Big Green,1995,U,100,"Comedy, Family, Sport",5.6,"    A teacher on exchange from England is placed in an underachieving Texan school, where she coaches the children in soccer, improving their self esteem and leading to unexpected success.","9,241",                        1h 40mi,"$17,736,619",Holly Goldberg Sloan                 ,"Steve Guttenberg, Olivia d'Abo, Jay O. Sanders, John Terry    ",,17.73
39,Cool Runnings,1993,PG,98,"Adventure, Comedy, Family",7.0,"    When a Jamaican sprinter is disqualified from the Olympic Games, he enlists the help of a dishonored coach to start the first Jamaican Bobsled Team.","92,047",                        1h 38mi,"$154,856,263",Jon Turteltaub                 ,"John Candy, Leon, Doug E. Doug, Rawle D. Lewis    ",60.0,68.86
40,The AristoCats,1970,U,78,"Animation, Adventure, Comedy",7.1,"    With the help of a smooth talking tomcat, a family of Parisian felines set to inherit a fortune from their owner try to make it back home after a jealous butler kidnaps them and leaves them in the country.","92,946",                        1h 18mi,"$35,459,543",Wolfgang Reitherman                 ,"Phil Harris, Eva Gabor, Sterling Holloway, Scatman Crothers    ",66.0,37.68
41,Angels in the Outfield,1994,U,102,"Comedy, Family, Fantasy",6.2,"    When a boy prays for a chance to have a family if the California Angels win the pennant, angels are assigned to make that possible.","28,996",                        1h 42mi,"$50,236,831",William Dear                 ,"Danny Glover, Brenda Fricker, Tony Danza, Christopher Lloyd    ",44.0,50.24
42,The Sword in the Stone,1963,U,79,"Animation, Adventure, Comedy",7.2,"    A poor boy named Arthur learns the power of love, kindness, knowledge and bravery with the help of a wizard called Merlin in the path to become one of the most beloved kings in English history.","88,829",                        1h 19mi,"Walt Disney Productions, Walt Disney Animation Studios      
        See more »","Wolfgang Reitherman, Clyde Geronimi, David Hand                 ","Rickie Sorensen, Sebastian Cabot, Karl Swenson, Junius Matthews    ",61.0,22.18
43,101 Dalmatians,1996,U,103,"Adventure, Comedy, Crime",5.7,"    An evil high-fashion designer plots to steal Dalmatian puppies in order to make an extravagant fur coat, but instead creates an extravagant mess.","100,667",                        1h 43mi,"$320,689,294",Stephen Herek                 ,"Glenn Close, Jeff Daniels, Joely Richardson, Joan Plowright    ",49.0,136.19
44,The Even Stevens Movie,2003 TV Movie,,93,"Comedy, Family",6.2,"    The Stevens think that they've won an all-expenses-paid trip to an island that's halfway around the world. When their house is destroyed, their food stolen, and their bacon eaten, the ...                See full summary »","6,492",                        1h 33mi,Dolby Digital,Sean McNamara                 ,"Shia LaBeouf, Christy Carlson Romano, Donna Pescow, Tom Virtue    ",,
45,Swiss Family Robinson,1960,U,126,"Adventure, Family",7.2,    A Swiss family must survive being shipwrecked on a deserted island.,"14,087",                        2h 6mi,"Walt Disney Productions      
        See more »",Ken Annakin                 ,"John Mills, Dorothy McGuire, James MacArthur, Janet Munro    ",61.0,40.36
46,Enchanted,2007,PG,107,"Animation, Comedy, Family",7.0,"    A young maiden in a land called Andalasia, who is prepared to be wed, is sent away to New York City by an evil Queen, where she falls in love with a lawyer.","175,729",                        1h 47mi,"$340,487,747",Kevin Lima                 ,"Amy Adams, Susan Sarandon, James Marsden, Patrick Dempsey    ",75.0,127.81
47,The Princess Diaries,2001,U,111,"Comedy, Family, Romance",6.3,"    Mia Thermopolis has just found out that she is the heir apparent to the throne of Genovia. With her friends Lilly and Michael Moscovitz in tow, she tries to navigate through the rest of her sixteenth year.","127,295",                        1h 51mi,"$165,335,153",Garry Marshall                 ,"Julie Andrews, Anne Hathaway, Hector Elizondo, Heather Matarazzo    ",52.0,108.25
48,The Lion King 2: Simba's Pride,1998 Video,U,81,"Animation, Adventure, Drama",6.5,    Simba's daughter is the key to a resolution of a bitter feud between Simba's pride and the outcast pride led by the mate of Scar.,"60,264",                        1h 21mi,"3 Channel Stereo
(5.1) (L-R)|        Dolby Digital
(Dolby Digital 5.1) (5.1) (L-R)","Darrell Rooney, Rob LaDuca                 ","Matthew Broderick, Neve Campbell, Andy Dick, Robert Guillaume    ",,
49,The Incredibles,2004,U,115,"Animation, Action, Adventure",8.0,"    A family of undercover superheroes, while trying to live the quiet suburban life, are forced into action to save the world.","651,478",                        1h 55mi,"$631,606,713",Brad Bird                 ,"Craig T. Nelson, Samuel L. Jackson, Holly Hunter, Jason Lee    ",90.0,261.44
50,Lilo & Stitch,2002,U,85,"Animation, Adventure, Comedy",7.2,    A Hawaiian girl adopts an unusual pet who is actually a notorious extra-terrestrial fugitive.,"166,865",                        1h 25mi,"Walt Disney Pictures, Walt Disney Animation Studios, Walt Disney Feature Animation Florida      
        See more »","Dean DeBlois, Chris Sanders                 ","Daveigh Chase, Chris Sanders, Tia Carrere, David Ogden Stiers    ",73.0,145.79
51,Snow White and the Seven Dwarfs,1937,A,83,"Animation, Family, Fantasy",7.6,"    Exiled into the dangerous forest by her wicked stepmother, a princess is rescued by seven dwarf miners who make her part of their household.","180,030",                        1h 23mi,"$184,925,486","William Cottrell, David Hand, Wilfred Jackson, Larry Morey, Perce Pearce, Ben Sharpsteen                 ","Adriana Caselotti, Harry Stockwell, Lucille La Verne, Roy Atwell    ",95.0,184.93
52,Cars,2006,PG,117,"Animation, Comedy, Family",7.1,"    A hot-shot race-car named Lightning McQueen gets waylaid in Radiator Springs, where he finds the true meaning of friendship and family.","364,518",                        1h 57mi,"$461,991,867","John Lasseter, Joe Ranft                 ","Owen Wilson, Bonnie Hunt, Paul Newman, Larry the Cable Guy    ",73.0,244.08
53,Pirates of the Caribbean: The Curse of the Black Pearl,2003,12A,143,"Action, Adventure, Fantasy",8.0,"    Blacksmith Will Turner teams up with eccentric pirate ""Captain"" Jack Sparrow to save his love, the governor's daughter, from Jack's former pirate allies, who are now undead.","1,009,957",                        2h 23mi,"$654,264,015",Gore Verbinski                 ,"Johnny Depp, Geoffrey Rush, Orlando Bloom, Keira Knightley    ",63.0,305.41
54,Holes,2003,PG,117,"Adventure, Comedy, Drama",7.0,    A wrongfully convicted boy is sent to a brutal desert detention camp where he joins the job of digging holes for some mysterious reason.,"77,106",                        1h 57mi,"$71,406,573",Andrew Davis                 ,"Shia LaBeouf, Sigourney Weaver, Jon Voight, Tim Blake Nelson    ",71.0,67.41
55,The Rescuers,1977,U,78,"Animation, Adventure, Comedy",6.9,    Two mice of the Rescue Aid Society search for a little girl kidnapped by unscrupulous treasure hunters.,"57,819",                        1h 18mi,"Walt Disney Animation Studios, Walt Disney Productions      
        See more »","John Lounsbery, Wolfgang Reitherman, Art Stevens                 ","Bob Newhart, Eva Gabor, Geraldine Page, Joe Flynn    ",74.0,71.22
56,The Rescuers Down Under,1990,U,77,"Animation, Adventure, Crime",6.9,"    The R.A.S. agents, Miss Bianca and Bernard, race to Australia to save a little boy and a rare golden eagle from a murderous poacher.","38,147",                        1h 17mi,"Silver Screen Partners IV, Walt Disney Animation Studios, Walt Disney Pictures      
        See more »","Hendel Butoy, Mike Gabriel                 ","Bob Newhart, Eva Gabor, John Candy, Tristan Rogers    ",70.0,27.93
57,101 Dalmatians,1961,U,79,"Animation, Adventure, Comedy",7.3,"    When a litter of Dalmatian puppies are abducted by the minions of Cruella de Vil, the parents must find them before she uses them for a diabolical fashion statement.","151,513",                        1h 19mi,"$215,880,014","Clyde Geronimi, Hamilton Luske, Wolfgang Reitherman                 ","Rod Taylor, Betty Lou Gerson, J. Pat O'Malley, Martha Wentworth    ",83.0,144.88
58,Prince of Persia: The Sands of Time,2010,12A,116,"Action, Adventure, Fantasy",6.6,    A young fugitive prince and princess must stop a villain who unknowingly threatens to destroy the world with a special dagger that enables the magic sand inside to reverse time.,"270,365",                        1h 56mi,"$336,365,676",Mike Newell                 ,"Jake Gyllenhaal, Gemma Arterton, Ben Kingsley, Alfred Molina    ",50.0,90.76
59,Homeward Bound: The Incredible Journey,1993,U,84,"Adventure, Comedy, Drama",6.9,"    A fun-loving American bulldog pup, a hilarious Himalayan cat, and a wise old golden retriever embark on a long trek through the rugged wilderness of the Sierra Nevada mountains in a quest to reach home and their beloved owners.","41,745",                        1h 24mi,"Touchwood Pacific Partners 1, Walt Disney Pictures      
        See more »",Duwayne Dunham                 ,"Michael J. Fox, Sally Field, Don Alder, Ed Bernard    ",,41.83
60,Fantasia,1940,U,125,"Animation, Family, Fantasy",7.7,    A collection of animated interpretations of great works of Western classical music.,"87,952",                        2h 5mi,"$76,411,819","James Algar, Samuel Armstrong, Ford Beebe Jr., Norman Ferguson, David Hand, Jim Handley, T. Hee, Wilfred Jackson, Hamilton Luske, Bill Roberts, Paul Satterfield, Ben Sharpsteen                 ","Leopold Stokowski, Deems Taylor, The Philadelphia Orchestra, Corey Burton    ",96.0,76.41
61,Bridge to Terabithia,2007,PG,96,"Drama, Family, Fantasy",7.1,    A preteen's life turns upside down when he befriends the new girl in school and they imagine a whole new fantasy world to escape reality.,"142,209",                        1h 36mi,"$137,587,063",Gabor Csupo                 ,"Josh Hutcherson, AnnaSophia Robb, Zooey Deschanel, Robert Patrick    ",74.0,82.27
62,Bambi,1942,U,70,"Animation, Drama, Family",7.3,    The story of a young deer growing up in the forest.,"130,247",                        1h 10mi,"Walt Disney Animation Studios, Walt Disney Productions      
        See more »","James Algar, Samuel Armstrong, David Hand, Graham Heid, Bill Roberts, Paul Satterfield, Norman Wright, Arthur Davis, Clyde Geronimi                 ","Hardie Albright, Stan Alexander, Bobette Audrey, Peter Behn    ",91.0,102.8
63,Ratatouille,2007,U,111,"Animation, Adventure, Comedy",8.0,    A rat who can cook makes an unusual alliance with a young kitchen worker at a famous restaurant.,"634,662",                        1h 51mi,"$623,726,085","Brad Bird, Jan Pinkava                 ","Brad Garrett, Lou Romano, Patton Oswalt, Ian Holm    ",96.0,206.45
64,Pirates of the Caribbean: At World's End,2007,12A,169,"Action, Adventure, Fantasy",7.1,"    Captain Barbossa, Will Turner and Elizabeth Swann must sail off the edge of the map, navigate treachery and betrayal, find Jack Sparrow, and make their final alliances for one last decisive battle.","591,601",                        2h 49mi,"$960,996,492",Gore Verbinski                 ,"Johnny Depp, Orlando Bloom, Keira Knightley, Geoffrey Rush    ",50.0,309.42
65,The Mighty Ducks,1992,PG,104,"Comedy, Drama, Family",6.5,    A self-centered Minnesota lawyer is sentenced to community service coaching a rag tag youth hockey team.,"58,224",                        1h 44mi,"$50,752,337",Stephen Herek                 ,"Emilio Estevez, Joss Ackland, Lane Smith, Heidi Kling    ",46.0,50.75
66,Heavyweights,1995,PG,100,"Comedy, Drama, Family",6.7,"    Plump kids are lured into joining a posh fat camp with the promise of quick weight loss and good times, only to find that the facility is a woodland hellhole run by a psycho ex-fitness instructor.","25,130",                        1h 40mi,"Caravan Pictures, Walt Disney Pictures      
        See more »",Steven Brill                 ,"Tom McGowan, Aaron Schwartz, Ben Stiller, David Goldman    ",42.0,17.69
67,The Princess Diaries 2,2004,U,113,"Comedy, Family, Romance",5.8,"    Now settled in Genovia, Princess Mia faces a new revelation: she is being primed for an arranged marriage to an English suitor.","73,582",                        1h 53mi,"$134,734,481",Garry Marshall                 ,"Anne Hathaway, Callum Blue, Julie Andrews, Hector Elizondo    ",43.0,95.17
68,Chicken Little,2005,U,81,"Animation, Adventure, Comedy",5.7,"    After ruining his reputation with the town, a courageous chicken must come to the rescue of his fellow citizens when aliens start an invasion.","85,288",                        1h 21mi,"Walt Disney Pictures, Walt Disney Animation Studios      
        See more »",Mark Dindal                 ,"Zach Braff, Joan Cusack, Garry Marshall, Don Knotts    ",48.0,135.39
69,Freaky Friday,2003,PG,97,"Comedy, Family, Fantasy",6.2,"    An overworked mother and her daughter do not get along. When they switch bodies, each is forced to adapt to the other's life for one freaky Friday.","124,349",                        1h 37mi,"$160,846,332",Mark Waters                 ,"Jamie Lee Curtis, Lindsay Lohan, Mark Harmon, Harold Gould    ",70.0,110.23
70,Pinocchio,1940,U,88,"Animation, Comedy, Family",7.4,"    A living puppet, with the help of a cricket as his conscience, must prove himself worthy to become a real boy.","130,065",                        1h 28mi,"$121,892,045","Norman Ferguson, T. Hee, Wilfred Jackson, Jack Kinney, Hamilton Luske, Bill Roberts, Ben Sharpsteen                 ","Dickie Jones, Christian Rub, Mel Blanc, Don Brodie    ",99.0,84.25
71,Pollyanna,1960,U,134,"Comedy, Drama, Family",7.4,    A young girl comes to an embittered town and confronts its attitude with her determination to see the best in life.,"9,097",                        2h 14mi,"Mono
(RCA Sound Recording)",David Swift                 ,"Jane Wyman, Hayley Mills, Richard Egan, Karl Malden    ",,
72,Spirited Away,2001,PG,125,"Animation, Adventure, Family",8.6,"    During her family's move to the suburbs, a sullen 10-year-old girl wanders into a world ruled by gods, witches, and spirits, and where humans are changed into beasts.","642,113",                        2h 5mi,"Tokuma Shoten, Studio Ghibli, Nippon Television Network (NTV)      
        See more »",Hayao Miyazaki                 ,"Daveigh Chase, Suzanne Pleshette, Miyu Irino, Rumi Hiiragi    ",96.0,10.06
73,Fantasia 2000,1999,U,75,"Animation, Comedy, Family",7.2,    An update of the original film with new interpretations of great works of classical music.,"34,881",                        1h 15mi,"$90,874,570","James Algar, Gaëtan Brizzi, Paul Brizzi, Hendel Butoy, Francis Glebas, Eric Goldberg, Don Hahn, Pixote Hunt                 ","James Levine, Steve Martin, Itzhak Perlman, Quincy Jones    ",59.0,60.66
74,WALL·E,2008,U,98,"Animation, Adventure, Family",8.4,"    In the distant future, a small waste-collecting robot inadvertently embarks on a space journey that will ultimately decide the fate of mankind.","989,910",                        1h 38mi,"$521,311,860",Andrew Stanton                 ,"Ben Burtt, Elissa Knight, Jeff Garlin, Fred Willard    ",95.0,223.81
75,National Treasure,2004,PG,131,"Action, Adventure, Mystery",6.9,    A historian races to find the legendary Templar Treasure before a team of mercenaries.,"302,348",                        2h 11mi,"$347,512,318",Jon Turteltaub                 ,"Nicolas Cage, Diane Kruger, Justin Bartha, Sean Bean    ",39.0,173.01
76,Sky High,2005,PG,100,"Adventure, Comedy, Family",6.2,"    Set in an era where superheroes are commonly known and accepted, young William Stronghold, the son of the Commander and Jetstream, tries to find a balance between being a normal teenager and an extraordinary being.","78,491",                        1h 40mi,"$86,369,815",Mike Mitchell                 ,"Kurt Russell, Kelly Preston, Michael Angarano, Danielle Panabaker    ",62.0,63.95
77,Pirates of the Caribbean: Dead Man's Chest,2006,12A,151,"Action, Adventure, Fantasy",7.3,"    Jack Sparrow races to recover the heart of Davy Jones to avoid enslaving his soul to Jones' service, as other friends and foes seek the heart for their own agenda as well.","651,113",                        2h 31mi,"$1,066,179,747",Gore Verbinski                 ,"Johnny Depp, Orlando Bloom, Keira Knightley, Jack Davenport    ",53.0,423.32
78,Jungle 2 Jungle,1997,PG,105,"Comedy, Family",5.2,"    A man learns he has a thirteen-year-old son who was raised in the jungle and brings the boy to New York City, turning his life upside down in the process.","22,674",                        1h 45mi,"$59,927,618",John Pasquin                 ,"Tim Allen, Martin Short, JoBeth Williams, Lolita Davidovich    ",42.0,59.93
79,Man of the House,1995,U,96,"Comedy, Family",5.2,"    A young boy refuses to accept his mother's new boyfriend, a lawyer, despite the man's attempts to win his respect. Meanwhile, disgruntled relative of a criminal he prosecuted seek revenge.","8,661",                        1h 36mi,"All Girl Productions, Forever Girls Productions, Marty Katz Productions      
        See more »",James Orr                 ,"Chevy Chase, Farrah Fawcett, Jonathan Taylor Thomas, George Wendt    ",,40.07
80,Blank Cheque,1994,PG,93,"Comedy, Crime, Family",5.3,"    After a bike accident, a young boy inadvertently gains possession of a check for $1 million and proceeds to spend it, unaware that the gangsters to whom it belongs are in pursuit.","18,873",                        1h 33mi,"Walt Disney Pictures, Agelson, Baumgarten      
        See more »",Rupert Wainwright                 ,"Brian Bonsall, Karen Duffy, James Rebhorn, Jayne Atkinson    ",42.0,30.58
81,The Luck of the Irish,2001 TV Movie,,86,"Adventure, Comedy, Drama",6.2,    A teenager must battle for a gold charm to keep his family from being controlled by an evil leprechaun.,"6,710",                        1h 26mi,Color,Paul Hoen                 ,"Ryan Merriman, Henry Gibson, Alexis Lopez, Glenndon Chatman    ",,
82,Treasure Planet,2002,U,95,"Animation, Adventure, Family",7.2,"    A Disney animated version of ""Treasure Island"". The only difference is that this movie is set in outer space with alien worlds and other galactic wonders.","101,603",                        1h 35mi,"Walt Disney Animation Studios, Walt Disney Pictures      
        See more »","Ron Clements, John Musker                 ","Joseph Gordon-Levitt, Emma Thompson, Martin Short, Roscoe Lee Browne    ",60.0,38.18
83,The Santa Clause,1994,U,97,"Comedy, Drama, Family",6.5,"    When a man inadvertently makes Santa fall off of his roof on Christmas Eve, he finds himself magically recruited to take his place.","96,234",                        1h 37mi,"$189,833,357",John Pasquin                 ,"Tim Allen, Judge Reinhold, Wendy Crewson, Eric Lloyd    ",57.0,144.83
84,I'll Be Home for Christmas,1998,PG,86,"Comedy, Family",5.5,"    A college student faces an impossible journey when he is left stranded in the desert, thousands of miles from home, with no money and only a few days left until Christmas.","9,293",                        1h 26mi,"$12,214,338",Arlene Sanford                 ,"Jonathan Taylor Thomas, Jessica Biel, Adam LaVorgna, Gary Cole    ",,12.21
85,Muppet Treasure Island,1996,U,99,"Action, Adventure, Comedy",7.0,    The Muppets' twist on the classic tale.,"21,408",                        1h 39mi,"Walt Disney Pictures, Jim Henson Productions      
        See more »","Brian Henson, David Lane                 ","Tim Curry, Billy Connolly, Jennifer Saunders, Kevin Bishop    ",64.0,33.61
86,An Extremely Goofy Movie,2000 Video,U,79,"Animation, Comedy, Family",6.4,"    Max goes to college, but to his embarassment his father loses his job and goes to his son's campus.","9,984",                        1h 19mi,Dolby Digital,Douglas McCarthy                 ,"Bill Farmer, Jason Marsden, Jeff Bennett, Jim Cummings    ",,
87,Flubber,1997,U,93,"Comedy, Family, Sci-Fi",5.3,"    An absent-minded professor discovers ""flubber,"" a rubber-like super-bouncy substance.","83,968",                        1h 33mi,"$177,977,226",Les Mayfield                 ,"Robin Williams, Marcia Gay Harden, Christopher McDonald, Ted Levine    ",37.0,92.98
88,"Honey, I Shrunk the Kids",1989,U,93,"Adventure, Comedy, Family",6.4,    The scientist father of a teenage girl and boy accidentally shrinks his and two other neighborhood teens to the size of insects. Now the teens must fight diminutive dangers as the father searches for them.,"141,853",                        1h 33mi,"$222,724,172",Joe Johnston                 ,"Rick Moranis, Matt Frewer, Marcia Strassman, Kristine Sutherland    ",63.0,130.72
89,"Honey, We Shrunk Ourselves!",1997 Video,PG,74,"Action, Adventure, Comedy",5.0,"    Wayne Szalinzki, a wacky, absent-minded inventor, is back again but only this time he decides to use his infamous shrink machine just one more time. His wife Diane asks him to get rid of ...                See full summary »","13,429",                        1h 14mi,Dolby,Dean Cundey                 ,"Rick Moranis, Eve Gordon, Bug Hall, Robin Bartlett    ",,
90,Recess: School's Out,2001,U,82,"Animation, Comedy, Family",6.6,    TJ and company must save summer vacation from disappearing forever.,"9,403",                        1h 22mi,"Disney Television Animation, Disneytoon Studios, Studio Ghibli      
        See more »",Chuck Sheetz                 ,"Andrew Lawrence, Rickey D'Shon Collins, Jason Davis, Ashley Johnson    ",43.0,36.7
91,Tuck Everlasting,2002,PG,90,"Drama, Family, Fantasy",6.6,    A young woman meets and falls in love with a young man who is part of a family of immortals.,"21,034",                        1h 30mi,"$19,344,615",Jay Russell                 ,"Alexis Bledel, Jonathan Jackson, Sissy Spacek, William Hurt    ",66.0,19.16
92,Pooh's Grand Adventure: The Search for Christopher Robin,1997 Video,U,76,"Animation, Adventure, Comedy",7.1,"    Winnie the Pooh and company embark on a quest to rescue Christopher Robin from certain doom in a place called ""Skull"" after misreading a note he left for them.","5,198",                        1h 16mi,Color,Karl Geurs                 ,"Jim Cummings, John Fiedler, Ken Sansom, Andre Stojka    ",,
93,Brother Bear,2003,U,85,"Animation, Adventure, Comedy",6.8,"    When a young Inuit hunter needlessly kills a bear, he is magically changed into a bear himself as punishment with a talkative cub being his only guide to changing back.","96,130",                        1h 25mi,"$250,397,798","Aaron Blaise, Robert Walker                 ","Joaquin Phoenix, Jeremy Suarez, Rick Moranis, Jason Raize    ",48.0,85.34
94,Herbie Fully Loaded,2005,U,101,"Adventure, Comedy, Family",4.8,"    Maggie Peyton, the new owner of Herbie, Number 53, the free-wheelin' Volkswagen bug with a mind of its own, puts the car through its paces on the road to becoming a NASCAR competitor.","44,878",                        1h 41mi,"$144,146,816",Angela Robinson                 ,"Lindsay Lohan, Michael Keaton, Cheryl Hines, Breckin Meyer    ",47.0,66.02
95,The Game Plan,2007,U,110,"Comedy, Family, Sport",6.1,    An NFL quarterback living the bachelor lifestyle discovers that he has an 8-year-old daughter from a previous relationship.,"58,474",                        1h 50mi,"$147,880,543",Andy Fickman                 ,"Dwayne Johnson, Kyra Sedgwick, Madison Pettis, Roselyn Sanchez    ",44.0,90.65
96,Ice Princess,2005,U,98,"Comedy, Drama, Family",6.0,"    With the help of her coach, her mom, and the boy who drives the Zamboni machine, nothing can stop Casey (Trachtenberg) from realizing her dream to be a champion figure skater.","24,757",                        1h 38mi,$0,Tim Fywell                 ,"Michelle Trachtenberg, Kim Cattrall, Trevor Blumas, Joan Cusack    ",55.0,24.38
97,Max Keeble's Big Move,2001,PG,86,"Comedy, Crime, Family",5.4,"    Max Keeble, the victim of his 7th grade class, plots revenge when he learns he's moving; it backfires when he doesn't move after all.","7,430",                        1h 26mi,"$18,634,654",Tim Hill                 ,"Alex D. Linz, Larry Miller, Jamie Kennedy, Zena Grey    ",40.0,17.29
98,Snow Dogs,2002,PG,99,"Adventure, Comedy, Family",5.2,"    When a Miami dentist inherits a team of sled dogs, he's got to learn the trade or lose his pack to a crusty mountain man.","25,143",                        1h 39mi,"$115,035,090",Brian Levant                 ,"Cuba Gooding Jr., James Coburn, Sisqó, Nichelle Nichols    ",29.0,81.17
99,Cadet Kelly,2002 TV Movie,U,101,"Comedy, Drama, Family",5.5,    A fashion-conscious youngster is horrified when she is forced to move to military school.,"13,129",                        1h 41mi,$0,Larry Shaw                 ,"Hilary Duff, Christy Carlson Romano, Gary Cole, Shawn Ashmore    ",,
